#	Business	Category	Why they're worth emailing	Email	Phone	Source
1	Kennards Self Storage (North Lakes)	Self-storage	Customers moving in/out need a truck — highest-intent referrals	northlakes@kss.com.au	—	https://www.kss.com.au/locations/qld/brisbane/north-lakes-storage
2	Oasis Storage	Self-storage	Same — storage customers are mid-move	sales@oasisstorage.com.au	—	https://www.oasisstorage.com.au/storage-brisbane/
3	Dom Care Cleaning	Bond / end-of-lease cleaning	Same customers as PMs; reciprocal referrals (you refer them, they refer you)	domcarecleaning@hotmail.com	—	https://www.domcarecleaning.com.au/
4	Bailey's Property Detailing	Bond / end-of-lease cleaning	Reciprocal referral partner on every vacate	info@baileyspropertydetailing.com	—	https://baileyspropertydetailing.com/end-of-lease-cleaning/
5	Care to Move	Downsizing / senior move manager	High-value whole-household moves; they coordinate, you carry	support@caretomove.com.au	1300 242 622	https://caretomove.com.au/
6	Golden Years	Downsizing / senior move manager	Brisbane HQ, downsizing volume	c.early@goldenyears.com.au	—	https://www.nasmm.org/find/list.cfm?country=au
7	Sell in Style	Property styling / home staging	Constant furniture moves + wealthy relocating clients	info@sellinstyle.com.au	—	https://sellinstyle.com.au/
8	Home Staging Brisbane	Property styling / home staging	Staging = moving furniture in/out of listed homes	imogen@homestagingbrisbane.com	—	https://www.homestagingbrisbane.com/
9	Sell Sooner Home Staging	Property styling / home staging	Staging furniture logistics partner	sellsoonerhomestaging@outlook.com	—	https://www.sellsoonerhomestaging.com/
10	Ashley Home	Furniture / homewares store	Delivery contracts + refer customers buying a houseful	online@ashleyhome.com.au	07 3717 7600	https://www.ashleyhome.com.au/
11	Klemenza	Furniture / homewares (James St)	Premium clients; delivery + referral	hello@klemenza.com	—	https://klemenza.com/
12	Purpose Property	Buyers' agent	Every purchase = a move; warm hand-off to new owners	hello@purposeproperty.com.au	0414 663 531	https://www.purposeproperty.com.au/
13	Setlr	Buyers' agent	Buyer clients relocating on settlement	hello@setlr.com.au	1300 173 857	https://www.setlr.com.au/
14	Keylaw Conveyancing	Conveyancer	Settlement date = moving day; natural referral moment	contracts@keylaw.com.au	—	https://keylaw.com.au/locations/queensland/brisbane/
15	Conveyancing Home	Conveyancer	Refers movers at settlement	info@conveyancinghome.com.au	07 3236 2852	https://conveyancinghome.com.au/contact-us/
16	Welcome Home Conveyancing	Conveyancer	Refers movers at settlement	info@welcomehomeconveyancing.com.au	—	https://welcomehomeconveyancing.com.au/
